{
    "rmse": 0.7852359248317633,
    "mae": 0.6590856288541574,
    "r2": 0.04989335853246324
}