{
    "rmse": 0.8053822003025878,
    "mae": 0.6613835838593694,
    "r2": 0.03097592744838451
}